<?xml version="1.0" encoding="UTF-8"?>
<project version="4">
  <component name="ProjectInspectionProfilesVisibleTreeState">
    <entry key="Project Default">
      <profile-state>
        <expanded-state>
          <State />
        </expanded-state>
        <selected-state>
          <State>
            <id>Buildout</id>
          </State>
        </selected-state>
      </profile-state>
    </entry>
  </component>
  <component name="ProjectRootManager" version="2" project-jdk-name="Python 3.7" project-jdk-type="Python SDK" />
</project>